{
  "project_info": {
    "project_number": "638526072032",
    "project_id": "fir-crud-app-16dea",
    "storage_bucket": "fir-crud-app-16dea.appspot.com"
  },
  "client": [
    {
      "client_info": {
        "mobilesdk_app_id": "1:638526072032:android:de98f1c969b74ac3ecdc85",
        "android_client_info": {
          "package_name": "com.example.projectmukrata"
        }
      },
      "oauth_client": [
        {
          "client_id": "638526072032-ftfohp07ffbtt7g82d7n09pk311b5var.apps.googleusercontent.com",
          "client_type": 3
        }
      ],
      "api_key": [
        {
          "current_key": "AIzaSyA7uXb40qhM6vyahTt9QpMGJNNcOhzzIA0"
        }
      ],
      "services": {
        "appinvite_service": {
          "other_platform_oauth_client": [
            {
              "client_id": "638526072032-ftfohp07ffbtt7g82d7n09pk311b5var.apps.googleusercontent.com",
              "client_type": 3
            }
          ]
        }
      }
    }
  ],
  "configuration_version": "1"
}