{
  "project_info": {
    "project_number": "692440916516",
    "project_id": "login-register-firebase-6a946",
    "storage_bucket": "login-register-firebase-6a946.appspot.com"
  },
  "client": [
    {
      "client_info": {
        "mobilesdk_app_id": "1:692440916516:android:a5d9c042d5525b285baeb1",
        "android_client_info": {
          "package_name": "com.example.projectmukrata"
        }
      },
      "oauth_client": [
        {
          "client_id": "692440916516-r0usn33v3fpffh5je5c6ed1v3rantppk.apps.googleusercontent.com",
          "client_type": 3
        }
      ],
      "api_key": [
        {
          "current_key": "AIzaSyDyr-1a7I2BSv_B0st1VUlbRcfQ2c5QLQM"
        }
      ],
      "services": {
        "appinvite_service": {
          "other_platform_oauth_client": [
            {
              "client_id": "692440916516-r0usn33v3fpffh5je5c6ed1v3rantppk.apps.googleusercontent.com",
              "client_type": 3
            }
          ]
        }
      }
    }
  ],
  "configuration_version": "1"
}